,count,mean,std,min,25%,50%,75%,max
char_count,21732.0,194.28570771212958,85.71560438756758,35.0,128.0,181.0,250.0,910.0
word_count,21732.0,44.71880176697957,18.22296397595952,8.0,31.0,43.0,57.0,184.0
sentence_count,21732.0,4.6603625989324495,2.6034364212197865,2.0,2.0,4.0,7.0,29.0
